gpu_power_draw_watts,avg_e2e_latency_seconds,energy_efficiency_tokens_per_joule,throughput_tokens_per_second
262.5830967741936,6.178871,95.5333087564992,24731.626921829036
75.40503252572188,0.2759697191686052,1.0921963717779577,82.32355108622826
115.1467496757458,0.2506609962632258,0.0172942379494912,1.9908433081414787
105.7465072636342,2.465556736725072,0.049539575094646,5.236043108641094
108.16950232095492,0.2450298830620287,0.0886197200235493,9.584082999275402
162.3554816892115,1.0026920503005383,0.5497822338545321,89.22412767838695
673.1078062827225,19.026637,15.357620914107835,10304.77603175362
98.59507163323784,1.2468059755531915,0.0557662015249567,5.495239919409927
280.9975637982196,69.080182,9.219973328774884,2588.868264674948
120.86686259791124,0.5713873446091182,0.4835185013444221,58.417520435562174
65.87677794010227,0.5594585931726864,0.0359039135909002,2.3646880114153443
153.94604980079683,0.3596467113832837,0.1513782238558774,23.29916165215424
160.1656299133911,0.7579534209794521,0.1461093877704316,23.3887519569128
89.934243908761,0.5827715163322864,0.0155252229711175,1.3955488003553456
85.50588085782366,0.8384747700765729,0.0226814792508278,1.938520337927092
237.5772200721548,2.7775094079894616,0.1928879723582194,45.81124988556287
128.81277596873983,0.4023648092816411,0.1852103861261568,23.84303171766068
97.4106755916806,0.954214392333395,0.0255751167664417,2.4900121568508933
109.34730972551677,0.8852789331342756,0.1172763605613317,12.82135775990458
622.7516999999999,11.441549,21.940650939622245,13567.779511507682
337.9058974358974,3.81651,40.19779913526255,13328.501825283787
87.8733561103811,0.9632272857706994,0.0688475841474239,6.046287936148578
390.0143003095976,32.346818,15.64397321867491,6088.826656151988
145.45520398172323,0.2672778847799809,0.2709853070323724,39.39966854269945
204.8025391218224,1.197565695791341,0.2805180290882891,57.42481051117336
382.0102789115647,14.698931,45.68735151767584,17373.30262063064
120.3902775616083,0.4010081148395936,0.0097351870402626,1.1716866857801362
117.33985926660058,1.0612403634278214,0.4561036901558989,53.49527792436091
187.1620439669421,1.9520570061580016,0.3419135468782623,63.96712279763776
139.5669854208085,0.9687566137728616,0.4470541615517074,62.37133665484169
142.64563291966036,0.3903332841237662,0.5032089508327987,71.75494273572099
85.61639599737532,1.6726250921174424,0.306515800709795,26.23131249154575
96.35043242343542,0.3796517810371426,0.6498838534114373,62.59585154172858
120.13105944963657,0.0339126201967398,0.0008855938035132,0.1063597237615236
116.95805139072849,0.631132323294878,0.0150791565753589,1.762989626737316
198.1806741277156,1.2081738635897636,0.1683011048308643,33.33812717907206
86.94031492109039,0.6429792697437935,0.0464481859494085,4.036551118209236
128.7138188976378,1.447821380570531,0.042702400704385,5.493451989290509
94.76556993805022,0.7217135068408593,0.6286939866248116,59.55744221854668
240.0361721284343,4.705546427057269,0.2854182792620375,68.49525396525853
389.9403069620253,32.363931,15.642433221782667,6089.845612130191
209.7869643446682,1.163508360274136,0.2690030133664584,56.406659639230426
386.85433809523806,21.018198,30.34749495385339,11704.514983024
191.52662398223532,138.644167,5.669104805106505,1085.2071603451975
128.87514112217633,1.0183591728231736,0.0337700169486639,4.349718422186776
151.08189384920635,0.7534240419400804,0.213937871975194,32.31351725831638
180.8800254237288,12.018611,118.17033216688264,21244.77646566463
324.2651307692308,12.9448,34.316434843354216,11089.680547174454
104.1972988204456,1.737171676941216,0.0609121875914495,6.342233813820583
409.4614814814814,2.615181,82.76356081799325,32633.27348001165
130.74878304074196,0.436243429506088,0.2787678313854407,36.43809238813803
374.5892,10.477614,31.871517411473345,11865.769958107034
205.75705271828667,1.4594606462039037,0.441608957217618,90.83049956909451
225.3579128576126,2.5563906321082923,0.2485935881080871,56.00394165144195
343.16798663101605,37.456062,19.915267462086703,6822.170569511236
121.6114599068805,1.448746255909403,0.0163335768185011,1.9851589025140104
360.92979268292686,8.199913,85.47569590452703,30628.56661488723
118.19092629120163,0.4447931380321582,0.0058604466900195,0.6924735070453979
93.0786787936812,0.2260570381250646,0.0090440840239409,0.8415554389986312
239.8315021551724,191.174198,5.232558720953885,1254.771422846132
117.31274658227848,3.361344551318325,0.0055637724585889,0.6524141568704155
121.51909788918206,1.8583592269569635,0.0095102179673669,1.154867430866242
71.80826181818182,4.144935100442833,0.0595828508176621,4.274688477086387
92.39565795601553,1.4602080273325555,0.0214960003708812,1.984873482116409
232.36880524590163,2.753572805702467,0.1972287143738704,45.812754919944304
335.5547203947368,30.431185,20.43167323426785,6841.807923029287
121.8589830328738,0.0340276298423608,0.0004349260612945,0.052985485914429
654.7274883720929,8.58203,43.25196351889631,28108.07553687226
161.9407830188679,21.202858,45.48861300725829,7346.259770586835
34.29683292919496,2.033435828717692,0.0934427371544447,3.202820378650617
93.15483867879368,0.5512941934446443,0.0563472903556303,5.247588949045787
464.5040344827586,5.757765,69.32208212408504,31772.48350919978
199.4712271825397,3.42330316620514,0.3874482717979166,77.26018345078059
634.177695652174,6.835859,50.54396825190867,31758.46709387056
314.25558796448536,1.7667250068064917,0.1575076452905848,49.48283509983335
341.3725962732919,16.033835,42.02670370320359,14282.698242639992
31.630315164040304,2.1075739338994026,0.0483185468507704,1.527150534086092
268.96643859649123,5.849119,97.23574582983866,25876.373951453028
102.08812433220008,2.433818554239614,0.0401631332095378,4.097671761332357
113.97684943371084,0.2361602535682548,0.1169579660021726,13.326873347154685
384.7807021276597,4.678778,86.83974183967199,32799.728105700706
273.0663375816994,5.139425996947822,0.2917250648194174,79.63873970970614
154.53347957489208,1.203737649077684,0.5258795118361971,81.2297885281637
90.0895792682927,1.202082724000017,0.0110246296967396,0.9928448335691602
105.50793472498344,0.4428893671754528,0.2969528805316099,31.32199107587237
275.6003694937541,2.6103033478823057,0.1935783288572367,53.333455815596174
74.887293843594,0.2751663956675947,1.102596779673568,82.5416572949411
385.85693301435407,20.8989,30.519534011227424,11738.906120983922
130.0539683544304,0.4288978173407082,0.1795794210999182,23.348963331110514
69.89450626304803,5.6693559891233845,0.0281056624370481,1.9632102824023416
191.3425103448276,14.568213,85.39922960092592,16254.319060809334
169.14970142336975,0.8079684338509752,0.1624801468094398,27.47874016507491
375.9667102803738,10.679772,31.16412695883541,11644.22451524545
172.1609463690873,1.057110540040759,0.2394278703170579,41.21255326493286
48.22824935149157,5.596794643206522,0.1373671155212734,6.620415591745571
116.80635788381744,0.6307296572873989,0.0147813883775954,1.7259400528170787
368.89810126582273,15.868894,26.795931430351448,9845.275553859896
369.2510612244898,9.809035,36.38573970367712,13342.840547561174
374.07652777777776,10.795156,16.397370829520234,6096.033781504432
378.3165503875969,12.982773,50.95859485388762,19188.61520699788
190.35848772395485,0.7089274075535155,0.2684989758349259,51.0851218377279
133.63942086092715,0.7330859099927637,0.4133084771363757,55.21315319438641
222.75034407894736,0.9063571656502232,0.202117972295149,45.0047920991848
118.57811071245516,5.098967033981656,0.0165868652585089,1.96597124641603
140.5851090969018,1.4639372012612444,0.5064389254023198,71.17589755016293
279.8394917874396,5.118353854248266,0.3105612517657261,86.88519861526748
71.535873276272,2.4235739939742618,0.0596268274039164,4.263105941414951
380.8086428571429,12.556723,50.66504952458643,19186.93726696154
92.38431993177387,0.2495410073814647,0.0079288459198993,0.7323205122460577
114.1331785003318,1.3339997580774203,0.7080782530061243,80.7856801060242
155.4394948658496,0.9984630993231364,0.5148772287433336,80.00169757630451
190.3488275634685,1.1851907537525728,0.4689215391755434,89.22218507630221
126.29459954007883,0.8454779463354498,0.0532687459810416,6.723359566161895
378.4273492063492,12.586071,54.058384748853264,20347.762859744256
207.6924462086844,2.640990156438892,0.3704997052009398,76.9304195475354
122.71058349561832,0.5218077179576669,0.0261129458278431,3.2035504956167062
666.3119029850747,13.336697,16.118037362737475,10691.285172201508
391.3128285714286,25.412762,21.930962324536782,8566.734131138668
168.8860780939775,1.3017595267432176,0.4749929112827953,80.18859151362523
291.6951452188007,3.1326434573037893,0.2325791688298988,67.82263355327362
123.98712780565091,1.6099629662930963,0.0163551651840056,2.026586913909086
67.90951618751619,1.8855919695148864,0.012009786127543,0.8150521773345709
94.5566177399757,0.8181154181116393,0.0384749738071278,3.636328071201529
313.9331492537313,6.675063,120.04390167451494,37246.78920922843
141.78914808707125,1.0528623976192817,0.591553262823267,83.84614226267725
194.4823033633034,0.6433317679911852,0.1246603884656289,24.23507509252772
641.3166630434782,9.194694,15.669715423881112,9979.293257676874
342.7273942307693,10.431564,70.14465176896427,23875.38167618219
193.2377708333333,4.735391,208.05199129794607,39503.949553609134
130.29086953370378,2.219260591481413,0.0217301721223659,2.8296522792037964
200.1272576707357,0.8333514309143303,0.4476348109428928,89.55310210505853
375.539552238806,13.394033,18.31176542234595,6842.457551787311
251.95392542153047,4.714131550070037,0.2965705831902069,74.70653354250885
391.524191011236,18.428715,33.584388826023456,12929.9218088761
36.423893114754094,2.0617179949767888,0.1684742711505703,6.131450396041649
153.95099999999996,0.908159,23.330615432027244,3198.402437905436
317.2355560165975,24.07172,31.11548770941237,9844.031511621371
75.31675160446875,2.6711832200073533,0.0633294221876503,4.767575714115263
117.79305408095554,0.2570508673748712,0.6991691613811932,82.32959146332885
261.49388932291663,1.4322821329416775,0.3063128961991187,80.0725149242719
130.3899722627737,1.2307714960936988,0.0208538864539358,2.718329517148373
171.28560099667774,0.704332828176083,0.4780879868102683,81.8616003660175
115.74620424403182,0.5664335028985491,0.694372207745011,80.34067768810435
638.6687534246576,7.270989,48.11506174582512,30465.419195702398
129.57170715692712,1.0906506939791143,0.0518915940068223,6.718803470575161
256.820813559322,5.853811,94.52192559020595,23875.722903885275
345.9926739130435,4.602798,27.787354384712515,9462.109986422432
385.86370108695655,18.383349,33.629691524919245,12931.418593089897
160.74437298927614,3.915409243329592,0.4970430195157549,79.85062939075709
293.5031841931217,3.227433167359571,0.2169249937132194,63.64932860216098
379.5651333333333,4.508756,84.53685192454468,31410.126669112396
223.2426094890511,1.0558953056131135,0.3255280201925424,72.64041664941305
106.99613004632694,0.6006604155580348,0.537809719738146,57.52130620649316
241.59101243862523,2.9761036581001936,0.1076963313821924,26.014675208167866
249.0293147605083,1.2270489025136664,0.3615877705640611,90.01479766517419
123.9157923991727,1.6101273726671934,0.0160219656988057,1.984177069409744
96.3430118989801,1.4205449428409338,0.0450457953179526,4.337286752645755
108.33968527080584,1.3106080217916958,0.5156181211766497,55.84092986616121
234.7440440169547,0.977204775472206,0.372834843300081,87.48858828878905
263.84596610169484,11.749619,76.66728141307358,20098.54192402821
371.0854509803922,10.143271,58.92442827821748,21730.76939393605
226.80504376657825,1.031020542261066,0.314818383597265,71.38332746774994
128.80313584806115,2.4465919764091573,0.0136187601176476,1.7529538406680405
127.71079562520406,3.106929701374611,0.052315081076285,6.677647065766909
93.46607305034551,0.5223847656743601,0.0720525601347427,6.731538607937732
182.3194905785124,1.6757843863571869,0.3057447731443257,55.72229251563058
84.98379857256147,1.3235578248277309,0.023713992008865,2.0145906188933025
34.0964292193841,1.721644943476551,0.1142857653430391,3.894330457285326
118.24351255783212,0.259934829685975,0.7724104451256736,91.30231968888896
137.99813046357616,0.270204129300135,0.1468683644307691,20.261525408296738
29.695781972879555,0.1165831368416547,0.0033919825027384,0.1007007623016187
83.69894276819925,0.0074450149097376,0.0002572759558696,0.0215285576754971
43.645948174706646,4.066001985454932,0.1525608215032925,6.654577321487659
98.12495016611297,0.1571984122272943,0.134351394069684,13.17926301025311
126.50970669087135,0.4802926573902368,0.0157379356801003,1.9903417041319948
394.9289244604317,27.816476,23.29552875357641,9180.54157692294
332.28047522522525,44.395387,4.6568764776314895,1545.1098609305088
641.4941600000001,7.419422,13.862252946511058,8817.942431634212
127.60741110313474,0.4502375697096188,0.0403564069747974,5.148469040279844
142.98183509933776,0.97365120040965,0.2269804186266047,32.4426272124903
123.28105625,0.5103051862679422,0.0546336929008607,6.7323083316111605
98.016473017988,0.1556195189896431,0.1348478987159906,13.213446698513987
127.20609151732378,0.8535944980879625,0.0432663621082184,5.501472014977057
294.1995462184874,11.855951,42.01165865905449,12304.220897678944
382.0018896551724,14.504955,46.43783554859274,17661.124280375876
155.18918181818182,1.030493,21.41795600203304,2996.1246894080623
145.55506173654672,0.7597154081298935,0.4844547759127973,70.48931648112419
91.96435534835535,1.39559603544573,0.0176154099150529,1.6189626289656205
291.5279901574803,2.8518296417487026,0.2551918804295627,74.3726013434115
324.0983955223881,13.420756,33.29342584907647,10736.968351327634
130.82345981554676,3.4967852443805896,0.0235698933321532,3.0824274709493094
309.7021860311155,1.776065092572232,0.1466704606472148,45.4101837355541
131.55002512234913,0.1247286471296791,0.1010420868492414,13.28572004706906
95.08792645631068,1.2594653207155977,0.0394426180756004,3.748300560690016
90.70816682623266,0.5498255146667361,0.0607219945776288,5.506183398878587
241.05961715412425,3.613017561995501,0.2815592472275378,67.85202073476763
76.0831812351544,3.033468344973193,0.0403494052580358,3.0684376300111333
178.53619510582007,0.9209888729835964,0.1983576053258767,35.40689453434598
131.17533668504703,4.366546808902058,0.0432858621169312,5.674969440150536
92.62828214523653,0.0210407167845933,0.0230635971935926,2.1356330640378665
98.3547523809524,1.20472388563212,0.0683251657892177,6.7149130290740375
379.7650082644629,12.322262,51.89811016299952,19622.783358139037
92.73985023097497,1.050385176337191,0.0469316440927642,4.350314455046239
263.72080821917814,7.295824,76.66007045138198,19872.70020119466
65.56864628142004,0.6548292295386394,0.0132367752437934,0.867385440827058
295.2215697146563,3.158138567279955,0.2297646600346616,67.81809304751162
80.47981392498161,5.66908219988857,0.0534578551688606,4.301460825505781
120.6848411437649,0.8797260106851658,0.0120626374209033,1.4551558383610022
338.3853488372093,8.623513,88.15532496337595,29585.32813331046
136.4023530388575,0.2882334293471169,0.2243642518121364,30.58932061409965
120.71104579560156,1.1680130374928317,0.0164552926199793,1.9856628117114443
638.5046458333333,9.614044,15.05977153739385,9551.981266251889
667.4870270270271,14.834854,24.99349085074176,16614.46187867432
165.39726129990103,0.9968946177460668,0.539783622599168,89.24556849126571
115.18387935933868,3.6476228203779706,0.0123224066744831,1.4186752350088403
30.080114361064496,0.4557931206913458,0.1830975116155414,5.505406576025579
163.24741304347825,46.149163,27.206589863230512,4435.595424280002
84.90691862134993,0.2273225528705451,0.0099127819618844,0.8414406417085577
113.6809807436919,0.3066084106481567,0.3149304908988744,35.79172433114133
288.9578074123097,2.6129690307904694,0.1524908267090767,44.05589155204718
96.40117304411407,0.9184597717124104,0.015630478194439,1.506435227414755
62.397730281872256,1.472821529954672,0.0318151838768976,1.984323505026916
136.74201492537313,6.659975,210.11300089985107,28346.501994042726
98.58349474720944,1.258359291625311,0.0586173972632425,5.774374880144499
378.69158333333337,13.242936,49.81172328789058,18775.998626602355
263.08086729092673,4.308341297760813,0.3328452590503566,87.54102665619133
120.0874251576502,1.0751408901948905,0.4298607364971751,51.60430004578091
93.62771762767711,0.2281448860885575,0.0107951808537981,1.010394106048987
371.53238799076206,43.325374,9.784021491904548,3631.227845333949
84.95678997613365,0.7860862019782265,0.0175555239799163,1.4910178642478713
285.83459707792207,2.5775101460275,0.3083266193853746,88.10743865389931
223.9559066059225,1.6375722953946226,0.3573215772075614,79.99696194628004
635.8701401273887,15.639928,24.94888879800473,15799.833527150864
116.8144153193745,0.2614081973830859,0.0174180501338968,2.034133374716536
142.89922819672134,2.263789813965559,0.0319162878072302,4.557463621103207
286.4899199438202,73.60594,10.44146847241556,2988.940004645661
359.64776923076926,2.540912,79.57050444769318,27544.03612789174
96.78535670953652,1.5750520395647205,0.0413299337989458,3.99791438849645
121.83335347111816,0.9026161047319572,0.0070660482875043,0.8605602699314828
253.9679790975448,2.154597747144733,0.1772944260856703,45.01331532329751
108.72769804441496,0.2477097445277168,0.0881538555511251,9.58226051397757
117.36865192027224,0.3773725876318557,0.0215107913575598,2.523757942753173
144.28461347047113,1.1469232453244556,0.5552756211010828,80.09056204203932
274.6994455022981,2.5926652473690748,0.3259103349937559,89.49865383623622
176.85277154176296,1.0132735123511845,0.3581766198216323,63.32325605957953
90.01574748544202,0.5827106260015474,0.0158396449803726,1.4250997323085703
542.4853968253968,12.579321,33.917725630073114,18298.777234551973
123.52473043266896,0.8444860471146447,0.0352543682029556,4.352828162273285
655.9560198019801,10.091486,38.94314439028654,25388.308109275204
57.56794475686405,1.1825071734458428,0.997169003853042,57.394339505702725
380.8997307692308,20.836065,31.39323390993309,11920.504026990371
205.74258638573744,3.077769092094429,0.4351887203416906,89.51960833433814
247.9233870967742,6.2047,101.31720338118676,24759.86548917127
127.96534408879712,2.186166573315859,0.0154914008407131,1.9810925169211897
88.20833934226553,0.2450256504650627,0.0332636319333685,2.933393785518062
93.2286419687748,1.0198626924927037,0.0217861683815269,2.029975202869263
125.4685886562417,1.0588578873624404,0.0086999767464641,1.09121318464988
94.82702451612904,2.346572295995429,0.0126157285215444,1.1955126673508103
392.1030335195531,18.403269,33.53716663874033,12926.99279293571
666.6470522875818,15.268084,17.645608362094606,11717.41011988175
132.1964022988506,1.018405708251521,0.0508786200951248,6.721245824683745
91.82122587486744,1.0989762221773465,0.0093726508025065,0.860275754471352
134.58700949263502,1.432514077052474,0.0334684664538267,4.500885653338344
323.9900752688172,9.333103,84.74554921173305,27241.151337499337
54.086472443559096,0.8500143547734136,0.187618566198507,10.146159156521366
156.87144577114427,0.4694112097057177,0.5130278558096958,80.4540987196072
96.39728849966951,0.4995185222630341,0.2861929600210879,27.57498689750682
131.621357918999,1.2343077796977011,0.0435842234061678,5.734896954227944
246.93868991735536,1.4519990456972234,0.3322840266237299,82.02589812258587
110.27751114808652,0.4731077735033846,0.4368726713121697,48.160251506496415
95.155777719113,1.834588948947688,0.0212951903003009,2.0250843807929053
378.7003363636364,11.453842,49.90538501045452,18831.4183338016
533.312962962963,2.609886,36.62431353547702,18987.85920287008
246.5896238110856,4.7056348748436125,0.3062080893911207,75.49209377968712
288.20905347938145,10.315465879933813,0.2735052029553806,78.8071026637792
508.9643724137931,14.468365,33.46627033541143,16953.8544533324
64.14327210164109,4.003266341984272,0.021756495296075,1.3940480925513303
120.68830292821976,0.6700468150277933,0.0096810059498372,1.1679029865292518
100.9319627918288,2.180122887144015,0.0190697293983591,1.923891411552904
162.53165174129353,20.092339,13.31432897507682,2157.488627394892
384.62270711974105,61.820543,10.368286929862418,3984.70974355278
338.016845505618,35.633572,18.437375799268317,6220.994536035734
127.89253509933776,0.7173112072530634,0.4589395675531119,58.67103273975209
95.3667012147842,1.841016505844891,0.0208030641339099,1.982729572229305
92.63806291172595,0.5436734281247482,0.0475344786900758,4.401899408588848
89.90459125827813,0.5803745106677525,0.0226114376770487,2.0321661780670053
121.1560339252584,0.5479381972302994,0.0130552175903856,1.581252521783332
125.62510737812912,0.6771288109011948,0.016246646166134,2.040664608189596
92.46899684619116,0.659373172425798,0.0126593079455718,1.1698247941045965
379.09296875,12.90145,51.25980679333976,19340.450169440945
268.87684532019705,2.641725797319878,0.1596631287125131,42.91514291297367
112.36947192118228,1.266846447600983,0.0550051088326448,6.177865669457222
93.1540113548387,1.799833128665341,0.0077532552000029,0.7217550200168946
263.2141099510603,2.159622795215842,0.2810186251670947,73.946320668801
386.53489323843417,28.105523,11.528267986324485,4448.578740551205
375.1661758241759,9.112471,24.1684042210653,8992.348332745685
340.83694266055045,43.672034,16.797160728433443,5715.89033387262
360.73386075949367,7.879711,71.31146777113157,25574.846282377814
391.6612043343653,32.372299,15.562253505790467,6083.533689294184
178.31852373104812,1.6328416136778234,0.2855459406361648,50.89732857915392
394.9124912891986,28.777123,22.62186441383142,8915.55880756211
118.81293708827404,0.2706831288696439,0.1413602173993594,16.784629015953104
88.09746991473813,0.2120927659977626,0.0106874377554934,0.94130016648897
127.36237747035574,0.8362526700366288,0.0242233186884339,3.0842051148965943
184.32728169480305,1.194664083987705,0.4390914802343119,80.90048875706519
135.36331365435356,1.0511725773620937,0.6195083236120984,83.82834541732836
116.1572365420313,0.163373456026117,0.0037424287272973,0.4345949862626229
124.68616727272727,0.944525488785335,0.0180217042107665,2.245746964425009
80.12131315042573,3.957976654999786,0.0477567118315438,3.824893880300008
186.2472724317296,1.0493368136403325,0.2386875678469878,44.44027817768915
374.1898134328359,13.429796,18.371527919275728,6840.5674076389305
251.1752030848329,5.693625668184487,0.3472065910819938,87.19267545782694
196.4601802248677,0.6547287977924666,0.1314293882950229,25.808069805808618
634.4538961038961,7.685747,13.65453805520128,8590.638269678773
386.7731492537313,20.850853,30.479171125991613,11764.190376707707
92.6763962607115,0.5320595698431134,0.007501709746907,0.6950505470296235
92.2598245522969,0.6390279463375919,0.0167783726263521,1.5474641566193046
161.27788815789475,15.235454,102.36001866038946,16439.688040204837
132.67003726506803,5.428895162243862,0.0499719362135933,6.626516090636993
117.16947303595208,0.0139872574045793,0.0182327866545565,2.1356285856791306
151.39851504251143,0.7680863287317118,0.2155399641440302,32.623159166422376
91.98546236297196,0.3948239405747569,0.0244214021638818,2.2458675690795458
102.597994990458,1.9559030695559665,0.0212399554398586,2.1779095286887378
385.5945561497326,18.684287,29.05320110805977,11155.384079820287
120.93058962139264,0.5372818640122811,0.0127161715267053,1.537101990132692
355.2774013605442,14.723247,44.42150488850243,15707.067489080891
116.72955500331346,0.0115756455480175,0.0101584249753526,1.1853970946821906
85.50625789985416,1.2724786741392953,0.0485719302454596,4.151901172345584
120.44100181676616,0.1900183279067278,0.0037478407474566,0.4512767661529129
372.9943578947368,9.491068,44.24588765448837,16390.879573870596
388.8289646464646,19.911778,18.43113649072809,7144.433990696873
90.02245862516212,1.1919863404085238,0.0107971533783271,0.971596256315704
47.605470453803456,5.352820327621885,0.1226662522737164,5.835606828872621
194.117,4.861878,201.9116423692918,38520.88253934862
110.75850079113924,1.851274198658454,0.0138193369880598,1.5298957434600229
93.4884839290306,2.436628570469717,0.0131373934574936,1.2274075341976236
85.95321102468719,0.4311376226893098,0.1288260607082151,11.06798155857048
137.65180154725866,2.5300851647463656,0.4745389681732638,65.2866453515302
93.01821367521369,1.016389798372984,0.0213666324772942,1.9863940508045088
97.63413586824898,1.6205108880198429,0.0277570026433384,2.7083844940384867
85.66785014885873,1.600104831312735,0.631814272502611,54.10884126792195
90.25177679425838,0.3578330727824423,0.0238654053805711,2.153214555533806
93.5170278871391,1.2855219129705802,0.0689218807664091,6.442587299190811
121.62170812437311,1.4702566142228466,0.436125877574755,53.03799585103294
98.22380458383594,2.6633084542783245,0.0287890303830486,2.8260863104521343
209.1767505788952,0.8419479061417359,0.2784486186220693,58.21716353454182
77.32898137487301,4.0209951382130384,0.0410847905486819,3.1731362836073997
215.0718927989573,1.3971231795881909,0.4083813582834318,87.79845816306606
30.16693251859724,0.5937774556999406,0.0152837814019378,0.460810441109421
345.0208723404255,4.644623,27.250869416736244,9259.756755424847
368.2697980769231,10.430038,57.357377854552965,20992.20455647295
130.87005638432365,12.53491323266644,0.013687003991171,1.790477222816934
30.73549207896661,0.5625629225479705,0.0302215943520719,0.928213284076674
630.9660277777779,7.120861,29.242878460529298,18285.89619575068
144.9791083550914,0.8189781610375643,0.61797837077016,89.56192029735838
130.31224975190207,0.6651210763181249,0.4669764747660753,60.8381003734478
117.42468768669102,1.0214942567809313,0.1368427454815059,16.0706024536335
105.97130140568814,1.7309608235955238,0.0424315623855565,4.493200892643241
148.21520159151194,0.4628739891592989,0.5552790302629076,82.27353761429949
633.5030322580645,6.287474,44.69434603917458,28038.28788109656
122.4994560041408,1.0890850306799014,0.0162240953080639,1.9862751666479208
255.28735593220333,5.881657,104.22778264982736,26209.33018257804
257.7872,5.94229,92.90095830228846,23579.58422911129
676.3102978003384,59.135142,5.9583456596843485,4025.585646090733
72.3213136800265,0.280044401091907,0.7966688523943051,57.595745131724286
107.0503972647346,0.6619746032412406,0.3865483036767998,41.36515213546345
29.47575357793391,0.0192667397980888,0.0002641000948212,0.0077825041680076
143.95798906560637,0.3324873586568762,0.1042393099026706,15.00225072069789
148.63504567860664,0.7988357751905021,0.1152001124553541,17.113281702811193
92.17383587533156,0.0182959551868193,0.0128646306706733,1.1853925504365537
186.076295200526,1.051562247297692,0.2415772851856309,44.93233848921989
113.04420213120213,0.306409934804458,0.317623214767455,35.894939681718675
375.1232608695653,9.14615,23.884778749527328,8895.846802255324
343.6910212765958,4.646831,27.258148194752167,9221.675871399411
255.4631496062992,12.735862,73.73043610975664,18722.03292305952
335.4831511666119,2.107384816484733,0.2634728043786641,88.3648556301219
394.8010225352113,35.52016,18.40134002691165,7253.010845018745
117.52517172706496,0.4771153803966526,0.4465709115577121,52.461587147257866
337.3596465863454,24.889827,27.835005359662485,9364.312642375491
89.44499297893682,0.4416509409331613,0.1423568437771744,12.728518005057364
105.4972869709938,2.497712323553666,0.033309969691479,3.5121863758147307
156.90587495875948,0.3240713747735653,0.1476522618135314,23.156800401349862
92.02143838862558,3.1878479352841773,0.0206774117401839,1.9014212543009252
125.94963453132588,1.0893572667347533,0.0345452747543047,4.348655005454495
173.97815257595772,0.6514531189092884,0.4124427685368191,71.73567666254077
139.18461228533687,1.4248860474720406,0.3942075632495632,54.84445883184623
87.45203156856299,0.6148684630170465,0.0538837450624825,4.709691177551562
123.61035494051956,0.7777350169739553,0.0239772869632588,2.962180990962115
122.64432425284316,1.0894131287932396,0.0165604044488771,2.029793462523763
362.64534615384616,2.576567,78.78291209910962,27522.155793197315
282.4893384615385,6.452453,80.53712492240403,22335.41440387761
88.04381548250265,0.3085567976037661,0.0202404834201807,1.7815129623743216
344.90919480519483,15.372664,43.52123850089553,14945.967800077073
128.1514887667304,1.165047742633356,0.034977909493501,4.480609006662924
455.9103478260869,2.204229,86.78932143451836,38050.02877721359
104.72964418604649,0.5238582802571586,0.5243195615023036,54.890629684764406
217.55970067453623,121.098957,7.733782200636528,1681.7484794406405
93.9334380600949,1.2456626006702816,0.0100933760663784,0.9474547422547293
147.27562266009852,2.6926941769197583,0.0381520157430028,5.615077315586243
503.4473918918919,7.359658,68.99587901511393,34385.49279470125
70.16944349403836,0.4725013778855403,0.0261430968769588,1.833587061480097
130.88386363636366,6.619098,296.04969465456094,38303.31391415351
122.6917661060802,1.2405087010314066,0.0161936859066027,1.985611695343357
143.83009969069712,9.904945524442676,0.0296196608976554,4.258706044507051
91.43022155998965,1.1429776349978056,0.0170239219036948,1.555700684312695
76.15511295361694,3.5303008716021265,0.0353223336683949,2.6887676004609866
310.8289455201838,3.7383296550509577,0.2526302083985257,78.50524152215992
40.90813913672535,4.9557318329545,0.1051811916870466,4.300602937939775
630.1641329113925,15.834479,24.92919209000502,15648.58969446962
340.5641689677844,2.1254886462132343,0.1245673300197984,42.410724652070826
636.7055538461539,6.40781,19.979366703912557,12596.116654400244
101.30818296755724,1.6761354866676912,0.0542198344058261,5.489929424304411
311.92281456953646,15.146989,31.30852106377541,9726.396650213535
124.25841567852436,0.9019957280252128,0.0228668742990406,2.840538484739463
191.65124109498683,2.681004079558032,0.3723054197186589,71.3313844434973
246.02404964075768,3.6377275206484936,0.1425899964826264,35.073662082187894
113.51712124183008,2.8648277040338144,0.0493943250938803,5.604828247010258
128.24560077220076,3.22184664880236,0.0154136469546096,1.9754356070902257
188.07775,0.711904,24.255164664409637,3950.639170414716
627.1170303030303,6.724034,58.75077289885103,36586.13526779783
368.37565346534655,10.102669,35.51083797119313,12995.148344015648
97.14333206015756,1.5262513736055956,0.0565645716461322,5.491730126247402
367.45105617977526,9.13033,52.51024921496881,19174.777444746043
391.01429283489097,32.219099,15.6765791194862,6117.8778023046425
126.44883461233132,0.8533943071961403,0.0160683434427577,2.0308664264231795
206.80999073461285,0.9152043445093424,0.3340936699994508,69.06531728929706
332.8148442437924,44.294358,4.677900559266474,1554.6227543145908
106.6562184818482,0.5207953330368413,0.5713715426948163,60.918083177831626
296.00715430267064,3.2016068993654754,0.2145354761226627,63.48575861267384
122.75043506809338,0.6385970317891666,0.0321035510174708,3.939175895382315
225.36281389986823,4.45964682092445,0.2160500450838765,48.6734837025372
121.03773187450568,1.0468622197707491,0.0078415409161803,0.948466158389539
153.25470878938643,0.4815161528123408,0.3555127526163547,54.46775427336637
117.47285089463222,0.4031703397905564,0.1301082180848498,15.280713354089402
227.72780837148463,2.8112095842877385,0.115642366665062,26.330101028479437
387.71238,25.039554,15.995975315730924,6189.411331662065
125.12722695879972,0.8498047546794018,0.0166710684145325,2.084762914412556
287.81729629629626,2.708471,77.65527152325885,21622.9700674479
30.214127952245004,0.7619465558479229,0.024510756739296,0.7399778684382837
177.1247695093843,2.071356268936892,0.3201255677797027,56.68206028490036
336.8959879518073,41.464086,6.569648704774375,2210.035224453245
264.6971355932203,5.909167,90.87405533472808,23680.3787162262
74.63958703766542,2.7314927496481687,0.021758158922595,1.6225715260106248
127.70788148391333,0.8231336805038154,0.0379711723825881,4.845598647204888
88.59179624134522,0.1920338319996517,0.0149439972053905,1.323481081959933
388.0021352657005,20.727769,30.66938176473752,11863.40887542625
190.62145192307693,10.335,127.29307458403274,24084.14210452346
96.31325078902648,1.4613430850024869,0.0451474012979339,4.345794056853842
388.0637380952381,21.083247,30.157516359696967,11668.311781043234
107.42862370723948,0.3690381462996204,0.0189344003127834,2.033544725407682
203.93399019607847,10.412168,88.52283797410105,17938.646701074947
187.6981061007957,1.251476061856854,0.3747765825510302,70.31564988986891
388.54216,24.986097,16.03984355307285,6220.101867075644
123.15581677018632,0.6922105025086138,0.0350033880131373,4.3089840069876
120.8475338528982,0.351670561890517,0.0185927207636977,2.24634058271352
282.47947227101633,409.900648,1.832389683817584,517.5487447625924
142.7632922721268,0.3925973757997983,0.5083868320824793,72.55517055945607
229.32976822916663,1.6795084194264849,0.3920705423810781,89.88282293488982
100.21529062087184,1.307036420700195,0.557493436581956,55.84767757429047
225.47163339986693,1.162663340837378,0.2052180376835714,46.25899059313947
316.694390625,6.399325,125.12773901536907,39143.72145556352
345.12483333333336,4.732704,26.87637955183122,9138.20963003304
349.3624791666667,9.568424,69.57048030353702,24142.48117057395
171.63139725130893,0.7830267033153817,0.1535152255869896,26.342813349662727
122.88879787784676,1.0999963823705912,0.0149940353730033,1.8414096652270984
109.68839191852824,2.4035585554993304,0.0379292059450876,4.157437940392181
92.40967015706806,0.0188111371222745,0.0231047226081055,2.134406825801329
172.80274013921112,1.0504065555203514,0.2904712925494739,50.174231577665566
386.02346875000006,22.388995,23.908605674917705,9209.041007128168
138.66344965786902,2.3687721425667405,0.033554572516268,4.649604939708617
123.74993315772144,0.484306933125481,0.0371031682903082,4.589886266305338
260.13253067092654,3.855744107130536,0.1669184621337621,43.409133370021614
362.1105,7.937846,70.59764879490324,25417.25303408385
85.93834106673044,0.4349395458896954,0.0340798740685357,2.92757945344239
116.26451216287676,4.867924884349729,0.0093617399804241,1.0879449359279767
376.23810752688166,9.327932,23.546236735174137,8796.571229785779
130.35746035976015,0.4355939003763739,0.1813342199334194,23.63365081114486
373.9829399999999,4.987904,83.68692882613722,30767.304188983377
106.93485614849187,0.4466677010470234,0.2929663606619008,31.31921622854652
188.82897072738027,348.181424,3.880346123668713,732.6193638704758
86.46420223626639,0.9464159972433532,0.0445743737326131,3.852422387107711
117.79737438261442,0.2091203830204904,0.0157034364408882,1.849221587239692
119.93324208901466,5.200330322297911,0.0144865741418028,1.736652751081879
127.1288231081404,0.9890387954397334,0.0360860052813806,4.584989455801256
285.97747819971875,73.853071,10.451935139105723,2987.0381893220588
114.63917488038278,1.2290419099800702,0.0448913241495395,5.14464252528468
64.19211422895455,2.1871439686843326,0.0321895899315696,2.0659392998837154
254.4721507352941,27.640922,20.639142563708308,5241.767650871392
191.5635380542687,0.9971021780853764,0.25201337170895,48.26350361714586
347.5016444444445,4.453936,28.173464995171805,9638.78809106793
378.5148389830509,11.831457,48.72350839040925,18342.75788368366
166.02680237691,3.5435483045876026,0.1556740614905526,25.850575197098973
335.3119263456091,35.265979,18.768230284542742,6281.275705468474
151.73806957109085,2.8372078884162546,0.5367676237191523,81.41430281087051
250.6302,5.944318,93.8109637526189,23160.84846193312
123.5926641166627,0.6529517138583792,0.041244261264686,5.09560395434135
301.3508333333333,2.920727,99.568221884906,29207.15044067359
119.18064276358872,1.8963955871295184,0.0515340820597451,6.138561435864175
295.8246450587862,11.819506782816326,0.2441127130400843,72.19763320612815
253.73812254259505,4.571158680780407,0.2802634670821586,71.09312564300446
500.9008219178082,7.268737,70.32242363890958,34858.30919418558
99.25707018381476,1.2362995335537963,0.0482639745711178,4.7877838169246125
191.2685555555556,0.850369,20.500419587086125,3450.0024597249694
94.61946521851564,1.6753963176694622,0.0209761359042748,1.983540536884585
144.4019143769968,6.521671379639884,0.0304197945775008,4.39054242046797
180.24146909090905,0.6857955076524781,0.3748523797884453,67.54946897745282
188.479286997007,10.919655520523731,0.2633898087557904,49.665935434936685
668.5363146853147,14.577105,25.208405153752427,16796.56136788476
155.3822261589404,1.2769300337909653,0.5287425634852913,82.12789183317928
287.67946428571423,2.797223,76.81481417761064,21441.157730583087
92.76472408759123,0.5813257412851921,0.0469657280823244,4.355358828442788
414.45328011658034,3.085007062147337,0.2045383355586271,84.75188300036413
658.4877256637168,11.296603,32.118373993741805,21036.10444611335
135.5950913889805,0.7550023446210953,0.4519655225830213,61.26103698079545
138.4486203243959,1.0805170167256724,0.5632709769151895,77.95551174237515
128.27663521707495,1.4670944205884422,0.0308690618771853,3.9576949636865377
260.2619827586207,5.792258,102.8285829305532,26362.693803774688
240.10480000000004,1.445388,10.068392961790131,2305.86061976057
65.49806772908366,0.0280227892523266,0.0327786634689399,2.1462728527776047
160.43798945634268,1.0368391449834842,0.4406763598753301,70.67244957010678
146.47937740149789,5.586031365165211,0.6128617320002882,89.75248075087188
647.9893896103896,7.659382,43.7812258161623,28139.22303976429
118.62407395179928,0.4760207546340232,0.4474150951838574,53.05088521071173
212.62339669967,1.242429217131918,0.2701299832222003,57.40830784541784
155.67895081967214,6.04725,272.50741778081886,41765.36617144594
139.56544038525405,0.7714709788848905,0.4647427381462311,64.83709787066763
92.98688269651984,1.1532368399202824,0.0220190924409015,2.046705040229665
360.12449450549457,9.118367,71.6157999572095,25598.67453415499
216.0555093842608,2.2951501005959205,0.2311353202569454,49.919262340248025
633.44103875969,13.409436,24.943033263815312,15304.864227286214
121.19656079077431,0.1556966125499457,0.0102995709164026,1.247864915587797
91.43359760479042,0.0114700267505314,0.0002355562632951,0.0215325827618041
163.5201835106383,37.773154,41.362355391924055,6752.433169477255
226.7591637239165,3.1436269240768846,0.075983841265143,17.22454161664989
91.76258757961784,0.0104495575651526,8.66559703352994e-05,0.0079496627297725
641.9578108108108,7.707614,44.11663310682762,28167.128973439867
93.55745337301587,0.5261992563675973,0.3273431643271546,30.61126453007761
174.23450927766734,0.701689142138534,0.4687401947897762,81.64203789933246
439.5128181818182,2.138183,64.33419169004269,27165.875661586964
388.50432323232326,19.936715,18.365858425730824,7114.055582163705
388.6954588235294,25.624274,22.379969015247507,8683.61101578944
134.59824405548216,0.7876611913636546,0.2505968189292669,33.71346142883573
384.5398432432432,18.503936,33.5094152359673,12841.580097266888
283.56785379355256,2.741107660480204,0.1732425684872581,49.1106168421914
95.0661233608548,1.5246640632727315,0.0457372429060873,4.345481328807935
393.4757508090615,31.25023,14.74874641205828,5751.524004304236
83.76682780578403,0.0429814116408427,0.0006328215789616,0.0529953459844385
122.54655787526428,1.2783612236380577,0.0165614786178436,2.02822197305319
73.98344988573294,2.144647058332339,0.068777799413765,5.084979707303662
62.38411725780836,0.0169212855398654,0.0001247561433214,0.007780722276187
136.00339821546595,0.7529826127044063,0.1495960269849335,20.33709081901885
373.844119402985,13.441252,18.37144382256582,6834.552496187771
135.46146910299004,0.4627470050544776,0.4055639633763289,54.91892018675558
123.76502189542482,0.2171595809394838,0.5493217241020785,67.96404271292904
80.77022915974759,4.895838127005845,0.0701812247537426,5.666112055083079
268.38946,4.930015,142.43308030984204,37621.57884676709
145.66289999999998,0.924217,25.77993580531305,3346.901580542321
127.84898113658068,1.0890479027811024,0.0430249128917239,5.497750643229635
378.1490520833333,9.595762,60.76991788739301,22823.55152830694
131.29613262949522,0.1201626778304301,0.0988566729879059,12.972950403550067
96.4076642771804,1.2046876968815925,0.0570489629184212,5.496863430719046
205.4193638436482,1.2336661101848962,0.3791889392041135,77.86248147193898
88.54699844236758,0.7839784026145935,0.0164913807431657,1.4598475040507006
273.9726676538335,2.113849469296196,0.2042293149842416,55.93365428541264
344.2225650118204,42.30018,17.652019466162837,6066.516686913573
361.4846181818182,16.47132,26.319358029991395,9475.16274897721
109.597162475182,0.5433850902790094,0.5251910031411189,57.53884972847536
97.8594782090974,1.0099126481105083,0.0213004978029446,2.0831839129893117
246.8136333333333,6.016559,96.24537378643178,23366.33830774072
621.488872180451,13.294339,25.08863220124171,15514.806627951995
129.20960944759938,2.446311543385188,0.0132854858343304,1.715468709508654
110.56696909564086,2.848201833665371,0.0420141601501276,4.642672763486359
353.10894680851067,9.388882,70.58914544425211,24745.025332689187
360.24742771084334,16.564787,26.204673855148744,9401.52363427878
572.5736176470589,3.358793,23.190823137902285,13001.999810229046
85.40751684810783,0.8337101948757967,0.0222223565725764,1.8971132627534983
92.75115358090189,0.5265425809969505,0.0076577299362929,0.7100764480432618
93.73191800486616,0.8232836244361741,0.0389754660758617,3.651987509288035
119.8287112054884,0.5525774964286635,0.7530838370376289,90.2123162364179
164.30872314876586,4.207320121496364,0.4518161925044234,74.20675751187814
114.80104696868754,0.2396074160933494,0.1161215935124191,13.327112767856605
192.42839648586707,134.355123,5.824654391606897,1120.6487733647532
666.5333561643836,14.621254,25.39656380298374,16855.996095059832
123.45731301652891,1.4898549237598977,0.0058782999025566,0.7252223626780094
99.62161586985393,3.264251215123188,0.4555622435431523,45.37976617010521
312.27209090909093,6.606939,122.99553041648952,37955.24849004492
107.8156753805427,0.5660291207209144,0.519351054341297,55.97307780873752
72.89634751087482,2.366572058892676,0.045467658155888,3.3126739332458266
184.38235235895743,0.8519747102874573,0.4609683978739877,84.9661114637517
72.66203888752153,4.586050591298512,0.0593826879598328,4.312731426889687
390.87538226299694,32.828305,15.379907925718838,6000.320373878718
106.74382335428382,1.3192819801840894,0.7532934051348497,80.3806741103131
210.49295483228164,0.7902210070223538,0.1560243705393052,32.82956874252
71.42794893473115,1.5650799837894738,0.0251861687317616,1.7973025440245596
83.70228200467412,0.0065275393426418,9.299097455706295e-05,0.0077815312290208
34.48947122302158,4.96722412481904,0.0570730439853656,1.9669182092058408
150.01028947368422,7.698196,166.04560643667946,24702.591736432616
180.61387842242505,1.058489433731194,0.3061285058452369,55.26724722580592
283.127640625,6.318599,81.63214613197273,22683.908832258345
86.83915552855407,0.8184634999239019,0.0362676028796432,3.1479268177806574
124.96241677675032,0.9399393354679512,0.347273187137614,43.37719991721801
337.3323898305085,5.825064,30.539494109095877,10225.754514963262
89.52581067496409,0.3441902752965688,0.0429337386163393,3.842639515688143
91.99430750925436,1.3250902524838846,0.0219109974047544,2.014979036902397
124.0199407191448,0.867769246388759,0.0350956475058483,4.350847802571732
100.79184426772696,0.4915736941622847,0.3616040456967365,36.43574250453005
79.0061829956825,0.2537668303192891,0.1462965848052306,11.556092714313396
192.3953402777778,14.420838,85.90519373546677,16440.333753412953
150.9016661151555,2.048875055995952,0.5367677304195069,80.97245136715208
391.9555601965602,40.665278,9.740003273004064,3811.7445022797056
145.75879118329465,0.8556723485817201,0.067134488891152,9.78291915125746
280.8791233283804,69.008023,9.239495738903372,2593.4714463010137
391.524963592233,41.326953,9.629205703760562,3764.408522533785
247.28868354849388,3.1065566510866014,0.1747462021407726,43.20142453563966
223.4421981505945,2.441153537755941,0.1584622919099543,35.39288954390636
220.18250016528924,0.7806480783037841,0.1633696144623631,35.96584505981131
261.75217061611374,21.537296,35.76553176385261,9338.29369305061
91.8767454592631,0.5223571099340916,0.0216690068652522,1.9901665199170389
196.6224697720516,1.0486642047488952,0.2565998281763176,50.42984100113267
390.4005015576324,32.558182,15.527919624271933,6051.696544382111
95.52089447731755,0.7553963873779139,0.0645486348556377,6.16224353003256
267.25758844415753,8.829084148092935,0.1840553362347872,49.17697714230321
642.925175,8.03363,42.28115982799622,26981.13920948803
140.29828135368282,0.3891052685908435,0.4626602089307374,64.88812793589842
666.6418059701493,13.368863,16.105155360311336,10688.231726464684
39.40214390881025,3.475292523184584,0.1072912993928294,4.224833079332256
91.1874627606753,0.6965913279654131,0.5879351011862456,53.59161404983472
156.30939967373573,0.3308383955758203,0.149710774624927,23.39023211905344
72.24944050381174,5.499476025346667,0.0918294702428186,6.630816734036007
66.20676219965321,1.0424019840678995,0.0123584857790617,0.8177074696594514
640.5735428571428,6.9673,28.07631694265761,17823.136971508586
388.2217,19.133915,19.339344977429047,7483.208721768532
86.35888818514007,0.5925554361726556,0.0342020370237141,2.9528544987922865
264.66141707879984,2.589670428689377,0.2005162773608355,53.05159722749384
93.50591147627884,0.8658831786985198,0.0089205636257587,0.8338137544615499
389.40367711598753,31.902265,14.613646272095355,5679.33865963343
299.8845349917081,1.808481556392208,0.231970116246814,69.55305937442685
586.4749014084507,7.090269,56.414544392116845,32759.86210472493
377.6652,18.053552,30.38554207864213,11433.90210184971
259.84991007905137,2.153819832694285,0.1911013274949305,49.64176476915829
275.13076763348715,2.820523681368717,0.2414571214259262,66.40931354958329
131.91241601143676,1.507074431826671,0.029402292577066,3.8763073964309194
205.61766666666665,3.000179,5.666980941901101,1142.6412496385938
216.4190166057788,0.9166347399238766,0.1907932380659377,41.284825931281205
91.4129010875194,1.203985486800472,0.0217352200155081,1.985609809221508
163.1346522988506,34.959594,40.93172353696584,6666.029724541093
84.69820159415475,0.0174717625180624,0.0251546243314634,2.129862098650712
93.53637023305086,1.0157851933375543,0.0155625425150704,1.454980896218358
99.79625346077783,0.9682217674562708,0.0307555446516768,3.06837367093662
212.19018348024807,0.8969280782880055,0.3501423523445506,74.27732713592589
198.5936296296296,8.043618,126.93181019500112,24979.534883120174
375.1797985074626,13.436145,18.337914657226097,6846.015836792811
211.38696933728983,1.4182821255834663,0.2397591218803861,50.6630830496216
132.78000992391662,0.3892017785624108,0.3423678657631407,45.4418722195684
237.01,3.39197,91.39971384547891,21044.61148432214
318.564,6.397107,124.31885544902109,39132.9441907583
118.72716974900924,0.9183392363518256,0.366564786840184,43.499777619497976
618.5064621212122,13.250465,25.3186759442097,15581.33118324584
174.14148318641855,0.648393582759632,0.4051412546080308,70.5285246887633
343.08573684210523,3.802741,41.16704822080851,13858.126871909046
112.65394222515684,0.477681710212319,0.4711470549277414,53.05325887039716
346.2075918367348,9.799552,69.03927365635151,23729.967480948795
675.8422190152802,58.971629,5.981184652632332,4037.9890789327305
92.68415583173996,0.9303432127667798,0.0465966855821918,4.316826719761989
129.9467375,7.983775,185.6455777724174,23862.336714986104
197.88221468009093,1.936220592700583,0.3514499928334363,69.52235077947523
118.59895783926218,0.2747769750896151,0.14186294287514,16.813397141357967
119.98473736372644,0.5424242512305716,0.7605861650891103,91.22923883613072
38.69994821385759,4.00857259426266,0.0594421600193526,2.2990119778156344
175.59774951012412,1.027031800268122,0.4224588707504706,74.15885835966311
141.75077954815697,2.259611223306921,0.0309136498155985,4.379832916729573
423.5826,2.461243,86.30093021120436,35123.92595301426
377.4750208333333,9.542345,61.77241521827997,23158.335273550263
121.05090430497926,0.7492914324005445,0.0067461357612267,0.8163439845311224
93.50236859395532,0.9029399916762486,0.054507800520317,5.093217027013293
281.07604670329675,75.219645,5.924112323013028,1664.1581648559452
112.92430590577308,0.4477988038447292,0.5624810609594316,63.4962072311932
120.24550187441424,3.0407525282094463,0.0145449613445806,1.7482760964322095
110.60182598158023,0.531292987155861,0.0096785493998638,1.070015493745456
235.79727257906748,5.229568422931205,0.2405043612369071,56.69277338380872
93.8221182226924,1.247526414663298,0.021634966889853,2.0285564456714558
125.59369936708862,0.2860160347606454,0.0129027138842313,1.6201089475565915
111.9757022546419,5.170502229266007,0.531444907042741,59.482915581813614
388.03739303482587,20.160227,18.3361864332246,7093.791995017513
183.03814285714287,14.035516,92.93227072974024,16906.989921777218
143.5981108161911,0.2618113627714902,0.2449780184422226,35.16697249565362
92.7269231704352,1.2754545995433415,0.044793973505288,4.152373151367572
104.28688191969589,2.9008396038164697,0.0449437003839438,4.684292399046913
635.8943353658536,16.416339,17.307249423478517,10964.121882423962
198.9021020408164,4.861529,267.0155791682295,52062.37517425915
387.2706428571428,25.172244,22.595236429144663,8734.770836620759
93.05364593301437,0.5259747528988454,0.0591848123447926,5.505615103591111
380.6995304347826,11.425953,49.8137372952532,18857.70136592379
190.53282176915488,1.0455256179406274,0.2359871113296688,44.94530870865654
123.57017823228634,0.771926648914814,0.0121911995433853,1.5061289995060814
193.902950694904,0.7095449947627243,0.2630003464119944,50.97323424270772
207.3963,1.955461,8.936215843697228,1763.4788532846417
263.971306122449,5.56463,105.0977157839846,27689.056658581623
66.78130668257758,1.422952850866649,0.0792178347938826,5.288319999871574
30.45904148365056,0.6865098836964795,0.0782957684877187,2.384252123288954
98.69991556728232,0.8054984501250146,0.0206936657682248,2.041927585950248
341.84818000000007,9.964657,68.58224431769685,23277.45784360942
89.53213667012449,0.5557015653078755,0.0222207148483161,1.988752725436196
32.811627069645205,3.0452064545825124,0.041540021387343,1.3618942485537495
103.13558785714284,1.8230574046158128,0.0375562501069116,3.871138155298873
180.2154444444444,6.773891350528335,0.3135409573929599,56.50508220515826
263.191262295082,6.091694,97.09812974670702,25179.257269434587
63.67224367755532,2.5838709603995085,0.0317675958212519,2.021436800010876
142.51919993357689,0.2697510366356864,0.2031592268999765,28.941332890468107
162.99969441691442,0.8744424583719057,0.339550421517073,55.323516985625936
39.563150812619504,3.619058668716914,0.1058423811085798,4.185044311965376
119.76197659854977,0.3421817924827337,0.0150756105376473,1.804916968169658
202.68404776021083,1.2328984985189757,0.3886094396632162,78.73247320254231
84.71882461945731,0.0167119477754803,0.0254853831342071,2.158400970791028
130.60827688787188,19.03694422223985,0.6730951700723478,87.89899112678681
280.24694923026533,2.640973423597746,0.1528093860226401,42.81055957262459
84.80725115712546,0.2505191478079983,0.0086366999820015,0.7322756327825469
632.3089936305732,15.643292,25.111555521439616,15813.450209966384
195.03094729907767,1.2787858123522675,0.4072004223830421,79.38760029900946
100.32561415752744,0.6280561213756037,0.3580424836359657,35.90275066798556
90.96812312467668,1.5242351163178682,0.0218252618861434,1.9840928565656344
80.84146078431372,6.156985507745828,0.0531866534640158,4.2967483841401934
391.4567512077294,41.387171,9.60363114450134,3753.736867382529
97.27563170672497,1.1871401270036586,0.0374143329716621,3.637340097394433
163.93972881355933,71.044712,20.979528910557917,3436.2782139919664
374.5290618556701,9.663412,60.546456339822456,22522.827498900315
112.15324673629242,0.4727608529954321,0.4679389934131646,52.45631055283929
121.31866403162054,0.2117154083680361,0.0093091622966906,1.1290099337444024
65.91827566137566,1.3711873373637598,0.0243521177422068,1.6043194234495826
107.52890779436152,3.4559020811061867,0.2472582352244383,26.5809650104189
218.57546666666667,1.450818,11.126786098061997,2314.095272259355
121.11073585884792,0.5525666512548923,0.0127852362893137,1.5480008006973958
116.32186706349206,0.5718456840909579,0.3208342556238408,37.30425197354969
183.91863621317444,1.1908814357113593,0.4401064197768629,80.90938151376868
151.47807692307694,6.491592,261.4765634970205,39013.74464853109
162.95080802292262,35.055808,40.80831744589279,6638.382620074144
338.9048110882957,48.692059,9.53557080336718,3227.5290702136845
118.534600794702,1.0368331881860893,0.0083103569110642,0.9847385381051594
83.70591303288673,0.0063434841909578,0.0002035504359294,0.0170342122009968
293.8421245493281,3.155946150965368,0.2354763763959944,69.17213767212682
231.46496086235493,1.2270924425539895,0.3556806973363441,82.29626769603482
86.29718957685871,0.6454712559158603,0.0467748775477365,4.034874116906165
214.6328341495266,0.8309942560994791,0.294070537725113,63.09660132867051
259.25061666666664,6.02154,91.58619814268889,23394.542869460496
203.9252727272727,1.5107930136518073,0.3997191283342134,81.48177225445612
89.46973663313922,0.8376192276676496,0.0141320250413004,1.2635853598956517
136.00948340100308,2.126869567980369,0.0257905279092173,3.506062000589462
495.41792452830185,5.298726,71.266852625765,34795.289472625445
117.2053664021164,0.7159733039637407,0.0149617222798606,1.7527122440759102
171.80076633663367,0.5499432313911341,0.4100561546194758,70.42058215138957
274.07304970569,2.0235960119513465,0.1029455122683709,28.20416941143995
87.28457013142175,0.9753393849564924,0.0574029424771275,5.008352059069745
373.1774275362319,13.752312,17.87785288587281,6640.0898344386405
92.74358616144974,0.2178005065070465,0.022146674155081,2.053280582088072
231.2141777705557,2.9842240564349902,0.1009227246597846,23.32766516418518
89.4848862362972,0.3638201789664371,0.0327904379489873,2.933531631594724
652.5385393258427,8.892483,44.537955199862814,28864.48679370563
342.89748888888886,4.470415,28.40727635558318,9589.25263580414
125.69318784933172,0.9331297940973724,0.0272538155111082,3.424045445422715
132.63268845528455,4.218233114879695,0.0412503898718894,5.468344465566762
42.84858497274235,4.970714679919183,0.1271321786195307,5.444557179523352
159.9462626262626,9.916131,45.67637845655405,7262.089166634238
620.7954782608697,6.915144,58.50984673478598,35976.31176228626
381.81408,7.44875,17.24106795999418,6542.835069453975
373.1755660377359,10.600594,31.741211161304204,11772.116348096695
273.17566391852574,212.101894,1.5860324599165825,433.2766791427121
339.3125862068966,2.88754,74.95343339531814,24562.28559394997
266.51946428571426,5.55193,95.76122309440775,25105.703739144392
274.8281058514136,2.6037011318984105,0.1941572431343179,53.34350321479199
219.72086459345644,3.240244511307941,0.403334844753093,88.60443785522504
202.9495666556401,1.4038589224315334,0.3974635550837926,80.6299847051875
121.0132308888313,0.5368062475075325,0.0124373369716059,1.5043967588957434
162.64458140293638,0.9707532921920238,0.2484412240676686,40.39557252081091
88.15320174973488,0.4275722578167915,0.0121998827841449,1.0751210071077628
256.47323608824496,1.4528918040191965,0.3548022557370921,90.96654927618582
378.8374227642276,12.525512,54.38497879442721,20511.0785177004
329.079294525066,2.1262806369010936,0.2444761442676784,80.4271309204663
31.55387817761637,0.5144006386399269,0.0414191254439057,1.3065408474753626
306.3053259958071,95.451234,7.889525298084301,2414.967290027944
108.6444638436482,0.2728408541254423,0.1532681698650036,16.64055349432357
337.7404281045752,30.7337,17.118452349256287,5769.572293334203
149.38588896210874,0.2339686663407418,0.1169107925225746,17.45341234618995
350.37201364522406,2.1211514377069696,0.251171960957458,87.98070097955551
149.13960391117004,1.004756922381228,0.3110507910271476,46.381556390764906
83.73741355140187,0.0504620615392923,0.0006194164205035,0.0518548397476342
213.83168669527896,0.8981546174079456,0.3522781348611262,75.30465764371715
131.0023,0.959597,27.36585363212663,3182.458543561431
374.42596875,9.583431,62.29114903837026,23167.12973167553
389.20043410852713,25.762756,22.092849495256377,8581.245840615884
209.87277552377785,0.8773876626006106,0.2403820312076143,50.43712761891695
132.9738159894285,4.194867558364478,0.5311918806737326,70.61602806645182
87.77709510155316,0.9106529761726656,0.0492080082318696,4.317321122789096
91.16338347597105,0.5688163064187393,0.0738703485688973,6.731362547509901
94.44103541226217,1.459170197757582,0.0214789812446058,2.0272909404610564
99.7350285714286,1.612405032717756,0.0271744203100111,2.7086174793356066
229.4545902868318,0.9963399757182708,0.328822496505821,75.42431430358111
101.92508928571428,2.6685831328587875,0.0277487810828927,2.826683890694986
99.1355644680146,0.2447727249168297,0.0966976090034761,9.583602497442197
117.82827737924438,0.4655411589062876,0.0439802086950673,5.180503801085295
115.23190793339865,0.3134360045056652,0.3480716677009256,40.09088662325141
63.96617850194552,0.4587795558784689,0.0229962028536999,1.4700525389147197
85.67957219381545,0.6034922215289303,0.0344691917648681,2.9525154703126306
375.379984375,12.774103,50.47997185778873,18854.260056621824
314.64732876712327,14.56343,31.978907808525143,10019.756138037164
187.6521061305208,4.943196768613739,0.3960639231453294,74.3055232199304
85.41306427158867,0.2201941353268921,0.0118361507003865,1.0106527033309582
93.78276264462808,0.3846790749855615,0.7253920104211756,68.00854013083195
118.77719212062256,0.4547538656209196,0.0338916178809837,4.024299447949253
144.54538786279684,0.9521654305755404,0.4727924072771434,68.31160957010778
91.6150322922181,1.202058804842333,0.0221677734881288,2.029563414427547
137.10828355263158,1.6600968348793683,0.019956202721005,2.7347509866382733
134.6382686893204,2.0738550256937742,0.0304618613502006,4.099043329338357
664.7732923076923,12.996598,24.259509980567262,16052.309498490067
222.59925338172224,0.90463078558376,0.2582344323817156,57.46295746459596
177.43018668407308,1.0071796563609463,0.3505066889953683,62.16986747937173
638.2190434782609,6.919213,51.06002239468121,32276.1545709076
196.4873561151079,0.6160532273352146,0.1353311688004772,26.586290711639315
190.36430612244897,14.762362,84.88963600393835,16080.625956397353
317.37471395502644,2.1197931115544333,0.2531839770753107,80.3295161492729
242.8878857142857,3.440953,86.36948764560401,20417.221344847352
217.5562000662472,0.7881355151418865,0.1505463977198582,32.74127514516724
374.29293382352944,13.65462,18.059470444543063,6726.48904394889
632.5134444444443,7.135879,29.198329382029808,18304.386143002645
385.904015625,19.267112,28.22297909107511,10856.516788446634
241.8571818181818,5.511383,145.20112600785782,34695.73557246174
156.86860847962902,1.130829773344023,0.5166826465584646,81.01996757701748
518.2879999999999,13.996372,34.07997773536615,17613.87356647161
234.4989674850697,1.1616088124472148,0.1967554230218244,46.12787864152005
70.04973756770063,2.9086757328893458,0.0484146018048318,3.390881336541685
250.60503027278776,2.205299438505443,0.2752888309410222,68.9718330707889
119.94872967772967,2.3335472815503766,0.0157876966231831,1.8929515314928085
387.5688467741935,24.807729,23.138210783770766,8950.526009785333
639.8354761904762,6.217987,20.47342897936551,12962.520808967753
260.8337772727273,6.030749335183322,0.3438412999299431,89.6618033872855
120.42843886097153,0.2062672028938929,0.0077065135904146,0.9278266686936676
206.4627108433735,8.864221,137.90661307987085,28282.64179429668
127.78676019924096,4.016351230222629,0.0403112423510713,5.149332451590469
261.42347113163976,44.489862,15.668338146090155,4091.691472013984
93.10540006618136,0.3371964441064526,0.4646524132791602,43.24621171368221
124.2668051265199,0.6461983160115778,0.0496283239872628,6.164059603577998
30.47159348516949,1.3520826026797297,0.0665920502896132,2.0276509655816977
114.26709922178988,1.675434096749606,0.0263898103703826,3.014467551599436
137.42476376424932,2.2542797662317757,0.025234967913981,3.465966614291318
81.22585872395832,3.551299552200362,0.0763147909451848,6.195306213461363
130.5482718585762,1.0180802670203977,0.042154098097609,5.500290397623353
42.49590606936415,5.606513587624899,0.101282659816678,4.30179630422252
375.7416444444444,13.458611,18.177654293072823,6797.392050406742
73.12463363943935,3.23919081288789,0.0592008436595934,4.326922927312665
89.38025123025122,0.8381438609212637,0.0138434220782631,1.236541440048075
33.06351928552938,3.5570973843956986,0.0429568548839045,1.4191679326005278
333.0327195121952,2.1214827699490737,0.1274634661823189,42.43699486233403
192.89732283464565,12.714481,97.46861674901002,18686.756873583385
82.03336532433082,5.759383291213049,0.0663143188031268,5.437484257550852
94.78228345938837,0.6162462913198397,0.0497090346777661,4.708917353206002
68.91709386401327,1.2091746509996886,1.1914175319093023,82.09002315358443
89.49831611022788,0.438117206019039,0.0109166497727588,0.9766982271932552
130.83236680181255,1.4986566634227831,0.0390942715071998,5.112137616691332
68.41971638709678,2.513357321421305,0.0202115437011667,1.382055548091769
72.93196372549019,2.582327431300655,0.0917285900418076,6.686153394025849
119.28055828421742,0.8606961624420904,0.2031149503906855,24.21770344854645
117.8335,0.261432690200271,0.7007932221505527,82.54968091522927
349.5828366336634,2.2972651511699578,0.1919567845181952,67.08422217538094
338.5249,16.354114,44.26275276098208,14974.97860687629
346.2726933333334,15.703421,42.582118233093816,14696.672466449
136.93271845949536,1.1280333566162544,0.5711336823082445,78.176841821525
381.6767160493827,8.050811,14.128121341849846,5359.395749499611
648.4404431818182,8.899906,44.903024510874175,28933.977520205244
335.4492909090909,16.535742,33.22799042180824,11103.874811122982
663.1844925373133,13.511066,15.919224773477689,10512.84760980095
91.44141894401696,0.040326510866483,0.0011015611151663,0.1007015085548416
208.99031578947367,1.896102,9.275265440828194,1841.169980175588
668.7236666666666,13.782122,15.590500924025802,10380.57324482996
334.41939655172416,5.714245,30.76587908469236,10208.05676545596
152.02063784502826,0.4869331618982185,0.3633577877296711,55.22094089032625
375.3122745098039,10.227373,32.74267091339663,12208.582788899188
69.95509821666224,6.157574533174436,0.0286439757502783,2.0024084521303216
381.56464827586206,14.542399,46.477174445801765,17656.08416939896
138.05429468438538,0.8178656891247283,0.5928988281472036,81.82037067994432
387.3132355769231,20.908924,30.525901183808426,11787.82308428103
146.66913913326815,0.224219133094367,0.1126857268922108,16.51723523829496
91.49507382992748,0.0085672866553068,0.000287932924208,0.0263357279580102
385.9800423728813,23.61102,8.935068342530453,3440.8751850714298
237.9491891891892,3.637818,83.23954056529692,19278.12435799176
106.21961462123718,0.4501290721183228,0.419990344261916,44.592924479171984
110.30646493249918,0.4237235317414161,0.0490216096430973,5.405399428877368
71.97245303684035,1.2599130516161317,0.6700729496129848,48.21173191752128
202.53196581691773,175.983811,7.023716167202532,1421.93605654767
310.4563880597016,6.777722,119.44911942030632,36659.77139508171
194.015125,0.753566,23.545751118192783,3971.9804139163775
80.03084320471862,6.308231131838901,0.0499648684339779,3.993098908672985
156.95089050611975,0.8218382679252434,0.3201170970139514,50.21922798098905
84.76719569725246,0.8401479342331489,0.0223995145528934,1.8978423657257988
163.70688620575586,1.6565648442893115,0.1659830989028493,27.16829675040017
379.72021428571423,12.557787,53.941189075296215,20380.574808979352
387.0287611111111,18.313245,29.72446196282269,11416.638689704048
380.3528130081301,12.319955,52.02670737170328,19685.38546985152
651.4937640449439,8.876786,44.62088732731299,28871.729203797004
224.5955656239923,2.8981268489356067,0.2391366177684461,53.69143562330229
255.50069688947715,2.160584449000265,0.1760820436963418,44.97358314886998
375.9759363636365,10.94529,30.3278378251386,11335.875946802202
155.9764916219839,5.504039005047696,0.3209409536532071,50.03661681683087
31.254196710526315,0.753838362521492,0.1297853054638701,4.053391529568468
115.9515353124252,0.0047925052543481,0.000185738084595,0.0215314542600429
123.5804236349248,1.495056647186478,0.0059979965485937,0.7407162831393813
154.89253106411104,0.6536924159702133,0.2937617870598374,45.48150523506576
373.8874545454545,10.976267,37.75656890983385,14062.357988622129
167.83117707300957,3.923431781982934,0.522012936678482,87.59397942105596
152.26818181818183,1.025851,20.791566421051257,2845.031658495365
130.44070768858802,2.1185920738748143,0.0215912221683328,2.814731630228291
109.4100648834746,1.2045032770450537,0.0162221635053112,1.774291126661702
72.49030781974818,1.324856315201782,1.112188206823445,80.60289089742915
197.3530726857888,0.6916615763265226,0.2763951216341387,54.52260719112903
247.190625,6.412087,98.67014137579494,24046.97302214827
631.6208758169935,15.732727,25.05710345147444,15778.73648383255
286.1465870786517,73.57706,10.43557242083071,2983.8531934363896
162.70735714285715,21.079391,45.47517117238692,7378.568284727833
124.92578569536424,0.2906381996969382,0.0061472629935873,0.7676941343095249
90.22133827460512,0.9485526253868428,0.0427155204191916,3.8521079537758736
66.66718228630279,3.23641706444323,0.029648287371884,1.9757058332064548
118.22793910778248,0.2722108363587823,0.1408031952762808,16.635820824738996
333.9966526610644,35.656226,10.51638923852707,3506.1564302749584
120.6686589106293,1.1641862504184246,0.0168227282215797,2.029274281389526
254.71285893210285,1.156734917399094,0.3489484305551866,88.85378074334074
149.8502186463172,1.5551113156270544,0.5359649842334884,80.28366168856512
121.73226076618228,1.4480518928418558,0.0166662534613539,2.027567973905414
391.6073891625615,40.724513,9.72930124228805,3804.1327314743694
91.82544942946058,0.581487460663387,0.0216741630224549,1.989555923221633
95.37366526093832,2.585109209331373,0.0212047046199845,2.020977160453426
122.26198412698412,1.233820037295421,0.0143220986680516,1.7500800314715104
154.4114644754316,0.9933780537169312,0.5197933961630521,80.2273443921724
198.16831084656087,1.4593995479483113,0.413279038461897,81.86836142090353
338.19914420062696,31.856121,7.390333982156404,2494.10815284269
390.741372,25.077237,22.328995944096132,8703.342751859333
423.81379166666665,2.371391,89.77553591859159,36509.83076029077
646.8154470588237,8.903652,43.36074866120988,27937.269002233643
117.46420132669984,0.5393486944862556,0.7005459672025953,82.26231700463457
166.18958123342176,1.0383854869592002,0.3523860790701222,58.53666055143603
244.3284493712773,1.1658450006939394,0.3305603983031746,80.74523675125282
218.2024677631579,1.6403054305679958,0.3707650450049994,80.8734187201893
33.80402866158296,4.067303640767932,0.059595723889564,2.013098538405651
203.82256668878568,0.914868870250804,0.3396329439120226,69.1931223191858
91.28970057083548,0.3103729229963695,0.0218066231440723,1.990184452311192
140.2698,0.951103,25.57454297813069,3191.619606219348
311.3702816901408,7.075336,84.06819652151225,25894.25310612709
105.43708494337108,0.2383770747398285,0.1264471473216737,13.328396494923336
276.1021098064107,11.670800999916324,0.1631420092490053,45.0326128801435
388.1135612244898,19.729731,18.8226109820996,7282.775314811457
122.1865880952381,0.8665879561255375,0.0166245502114421,2.030407719658531
92.16429343027784,1.2689090454950929,0.0115930443455062,1.068083557817378
165.2819541680505,0.638320134357386,0.3848987167993675,63.59144025594152
151.61722122719735,0.8245883492234442,0.3332001066054444,50.49335519287892
118.15606111111111,0.2530743139968426,0.7643885112797654,90.28792079290466
120.89225646551724,0.1414235014882352,0.0076423249364597,0.9236780916197068
93.91197450837582,1.0569681027159927,0.0334600521481961,3.140456951562245
157.6307662295082,1.667891771894776,0.3436174186799482,54.148065657758096
137.02310541775458,0.4637669842448775,0.4399225525349146,60.25932006385702
316.5802278481013,7.845312,35.530984882366795,11154.05487876835
100.06886883629194,1.3824179456569254,0.0650870994848783,6.50842428813105
121.95877633963242,1.1833647998670738,0.016301182261385,1.9867438028918285
278.56001612903225,6.454084,115.2800311331113,31001.605089673318
327.3250247933884,12.087087,11.20381454853942,3647.018663089477
160.6299662162162,14.862888,84.73291280976476,13553.68560918126
30.37215230928905,1.0496046080564458,0.0654614306577454,1.986792617409632
109.95533388649186,0.4733622073263083,0.4369448489349968,48.0287899125832
645.5853146067415,8.952455,43.49806563091308,27893.21079275629
63.23317009493671,2.145270666107536,0.0264347431804543,1.670489645996856
89.20873164314757,0.4291826719418168,0.0328374135204662,2.92827188627884
65.18407641633729,0.3353587195742875,0.019142381102502,1.2472624753970791
329.73167058823526,17.070727,43.96424988773754,14439.012389322204
379.4939111111112,4.47673,84.56979152673024,31424.25944966165
116.46267583701012,0.1630066602180401,0.0036530169852371,0.4253259737730566
381.2788461538461,20.813483,31.36276899064714,11921.501346431069
205.68973509933767,1.651228495806302,0.3580570851559686,73.62127403371214
121.63600413323609,1.0112943412469966,0.0169244549660616,2.0578632970145105
371.8686203703704,10.818268,16.52805306603665,6108.285634597848
252.75893583061887,3.640311486943608,0.2118682812508953,53.53733896380125
92.97772082561524,0.897779759640495,0.0199671672612521,1.8554989073051944
181.07964215039576,1.6785579387790623,0.3167421777681694,57.32773544992132
279.8006444954129,90.013345,9.907958594485402,2771.246075350007
67.1166540043552,5.5430868735743895,0.0811819240486629,5.445770622655144
121.77104382780084,0.9025163445621728,0.0069182204582517,0.8422316983931917
126.85858734344102,2.5325410857622046,0.0134462650382872,1.705198004533981
146.56933774396296,0.4706455260131727,0.3844745665301365,56.331414675843526
183.5655185185185,5.399784,193.740163703194,34987.83390331714
673.1507712765957,19.003638,15.39783906415107,10335.477128528844
567.584690140845,7.347004,55.44557772300247,31346.754067971968
99.0333228860594,0.1596264187408249,0.1480364353993344,14.653548654782435
119.60291608391609,0.4116702874501546,0.0075775543298284,0.9058828781012176
162.963537037037,5.656861,280.9383210932442,45086.67817973176
92.97311810411811,0.8955587092787027,0.019543595002701,1.816110482264756
90.95258835705046,0.9935080973324754,0.0148427776511664,1.3491121631210894
391.7051676300578,34.65516,17.992637001610724,7037.933262913561
92.38994187977416,0.0200171262102643,0.0230603857039691,2.1298447469629385
333.8468198529412,27.146759,14.445742159716689,4811.728952112017
94.00539528101804,1.089217296491067,0.0091583107055157,0.8606181510295174
627.1299523809523,6.24342,20.88916935968152,12965.89698302926
118.5218314491264,4.24084554767857,0.0166312822291645,1.9702908762217448
349.208,9.350818,71.54049840579886,24870.01113700426
88.77766925868326,1.901802917631964,0.0104730601402513,0.9291861977581236
135.93351792923295,2.484441910559932,0.0294127359838544,3.996164724931681
286.40020642648494,2.584578231235759,0.3076219623842499,88.0754134705062
164.43985704787235,1.198492197022226,0.2860682273487445,47.027938153448495
94.49254512396696,0.304842624953852,0.9664554085226974,91.29248590668357
655.218155339806,10.267113,38.12992457536236,24833.326931687337
191.5745,0.724459,23.898522571594448,3973.7296376390473
94.79318541996832,1.6754623959956614,0.0213887331946283,2.026218668472678
343.7872913256955,2.140494993680881,0.1689941498583949,58.082103222009664
384.4263015873016,18.966633,28.8206808499663,11042.76374079682
91.5283922342876,0.5786265413717047,0.0735792565485093,6.731611675508412
519.9101582733812,13.916117,34.19460834220816,17688.901261255272
89.53193249917682,0.3831731143873185,0.0357546859647634,3.1999219371240444
92.67116889754196,0.5250175820131388,0.0470218969812553,4.35619840916317
324.7831847826087,9.123659,68.6340677653043,22131.39154060833
89.93685647547366,0.4386484830950697,0.0117021461598569,1.0521264804953507
393.1322608695652,4.581452,86.79061096806794,33485.98736126332
356.8665604395604,9.088337,72.10152078996835,25538.063651267654
383.3049341563786,24.268381,19.04422789996659,7286.062450895896
130.9693758300133,1.1265206174329692,0.5970612337884578,78.16723331815733
172.2213111772487,1.0270840783094022,0.3350864986453198,57.6831563871038
343.17569411764714,8.530319,87.8777845662874,29888.971464933544
116.33440585340584,0.7139925695955753,0.0147571257646071,1.7159640161246723
200.7913045602606,1.2405183800685875,0.3804816611117835,76.37072475014111
72.963309484193,2.96697662004994,0.072907103930689,5.3172585680478095
91.69071761846902,0.8593531306833029,0.0343364887307878,3.146837550172509
204.8869315068493,7.50814,133.89129329157444,26759.7974294412
120.64069558047494,1.020239372789446,0.7352921594479594,88.68476962770984
118.78804476439792,5.101453409607832,0.0169136545568417,2.008227292784109
333.6981207865169,35.584804,10.514236024580036,3502.2827560290257
674.3591700000001,20.014663,11.572095770961704,7780.347454169027
116.59684662251657,0.4979937312503655,0.0174418013176721,2.0329899709090977
154.46408297520662,0.5593717792619239,0.2932250664573932,45.27350999889885
147.7659630861324,0.4515529076770408,0.5586327578990588,82.52038321019859
241.1034640157739,1.182424337775619,0.2150154184857803,51.82137770463993
91.3963425091352,0.0116382701588528,0.0001864075962342,0.0170328124865082
156.07930646214098,0.4822463503762804,0.3829226714517471,59.74399912580122
132.1997934238742,1.9486508015543225,0.0248145499905214,3.2786089771907188
60.225879158903375,0.2721971434851487,0.0007750804295283,0.0466517576951216
117.94318154957324,3.192161648377805,0.0485556942302264,5.72275303117606
127.10476177756192,1.2402092960796185,0.0342327607323698,4.348591688521686
372.3605922330097,10.33942,32.63430819405257,12074.417121492126
95.11829569377991,0.7328955683236321,0.0433362672754339,4.120415937049809
122.80893021411578,1.1352143362164495,0.015323596712336,1.8806631418674111
94.95499605781868,1.0491737917764112,0.0707927133586935,6.717838144871778
380.7386484375,12.9299,50.938401165509184,19302.325929255552
200.97370212765955,4.705567,275.62218545293126,54286.94496445386
389.6402492113565,31.704765,14.523878814703773,5647.91163377898
166.01726884176182,0.9974109970326362,0.5316069368782272,88.22193122181262
122.9607454457129,1.0776233404342617,0.0320952439349732,3.94415492071086
376.673203125,12.756745,53.2491884852634,19956.34514409308
195.04274033696728,0.9728815937140848,0.2887721117873356,56.2994242454894
121.50740772219524,1.1642644219100475,0.0357985162257139,4.348443567915741
295.338075,12.00672,42.21992452798474,12415.333054394649
94.82508867832848,1.2047180204785295,0.0458666595521613,4.346745540100731
129.29808317580338,5.775616330327466,0.0420664432337018,5.437114878962717
664.2551343283582,13.527413,15.900221976589371,10517.860960395075
92.66983836206896,0.2280669175088405,0.0090847365575058,0.8416374734462237
121.62583090764753,0.4171708052357037,0.007613311720637,0.9255413040812682
390.7119905956113,31.910257,14.38634291423065,5609.889584070641
225.94546267675108,2.5585535216446527,0.2479543343645971,56.00434785962744
128.0767663275353,1.0510372035205364,0.0448973906596851,5.745873153748752
159.06952622841965,2.9694876942300685,0.4308290192942308,68.48953692457341
114.1478400930851,0.5886590788140893,0.7224063190597774,82.43056084489757
67.07054630071599,1.304988652260767,0.0758756700782602,5.086507035046625
139.65362974051897,0.3871306876661544,0.4660798542650822,65.0686613928935
95.89019020840226,2.166071618100648,0.6709022933048309,64.31509191155841
150.99199510124103,0.4723790003400709,0.5977826479450341,90.23038824757646
240.2724603648425,1.2391276898765071,0.3411907324969888,81.9486260461507
120.69949190082644,0.662010604809706,0.3791160429873347,45.73738524492679
88.9178469684935,1.9062344375997784,0.0106826495441658,0.9493096920865836
337.1150987654321,8.641527,87.53560103111386,29345.66696450917
222.3949577792553,1.0324831681575664,0.3221152334219792,71.61596474491996
375.8210978260869,9.137093,23.822870694084976,8888.406720400257
124.0215119294606,1.058924192562699,0.0086121966620398,1.0677371819096626
356.734,7.143337,35.93084700747838,12694.785936947828
375.5089850746269,13.412315,18.287661568300805,6831.84434614088
71.03060815462005,0.9763427221526704,0.0257850093739234,1.8304946114999792
92.69039225422046,0.0201887277696557,0.0232927422534677,2.158312839742196
88.59170954907162,0.7840920025482774,0.0168396942847532,1.4914336587138075
651.9643023255813,8.601416,43.484654341691126,28147.90755079781
146.69883637548892,1.4756602487630317,0.4845044790373208,71.05446580675951
250.91771822104212,2.199345438241882,0.2742560395377528,68.80309864721355
388.3369285714286,19.643872,18.88944611282963,7312.064660253796
391.2800320987655,41.289462,9.626162281565565,3761.516660277677
120.57467787206264,0.573589648163222,0.4846947676703498,58.417245428493096
127.55361904761904,8.432174,177.6771192969312,22420.75448138111
633.92550955414,15.701405,24.99703492884616,15783.681269932064
383.7779234972677,18.379366,29.781229205931613,11390.67999291165
622.6708142857143,7.004595,57.41600443630536,35436.70660725218
665.4291343283581,13.512643,15.884329601274782,10525.666860680858
280.8030269648142,2.5935583178436867,0.2102166790874036,59.01105231641355
94.20516539101496,0.2960130881238189,0.8765031122555339,82.54383088346553
122.38978404988514,1.1660951680969447,0.0549023312587307,6.716635740493801
231.45191187109504,3.111865718541763,0.3468203849150691,80.24673605763114
386.0231325301205,24.870037,22.89502771677267,8821.931108173021
640.3149857142857,6.968991,28.13942712312325,17854.311792916404
270.3799060955519,2.801623619324768,0.2461607178756265,66.53748395461544
306.1050994764398,19.113199,16.0385199517336,4894.384441376858
505.3920892857144,5.590124,33.87788353937682,16885.14692129279
147.84333333333333,0.897424,26.70611109980468,3477.6363355114468
379.400424,12.581507,54.173639277699465,20453.025812041727
298.7927422680412,1.8096614345216877,0.2334510983312431,69.7414129984199
342.09805733944955,43.607229,16.747022322425803,5720.178616542555
129.8676531561462,0.4238070826881479,0.1770410126149831,22.986436279245567
273.8906910702561,2.586920052982384,0.3268759221437058,89.50136887164255
97.67815703883495,1.3203125883425986,0.040330579843497,3.937112931706038
629.6456119402984,6.850233,58.59325182087952,36204.70876936615
149.12180575058508,2.146944439487049,0.2076929709280041,30.97628023880637
144.97335087719298,5.709111,232.0736386068748,33154.79242128766
626.3933108108107,7.397968,28.61969633005133,17768.010615136453
147.5506163624511,1.1415116107091308,0.5921926307377575,87.34912849890283
65.57742891221373,1.5791252412729793,0.0837690468021478,5.490662533621442
384.4114077125906,3.072305835764279,0.2007161845181497,77.1379815316045
247.27652307692304,6.43225,88.74460115817071,21613.52236321913
201.7450995699636,0.6603538565234177,0.1362413614627184,27.48210307127081
673.9637121212121,19.807412,11.702207086044163,7862.648707935071
177.43754632693586,0.8217356099254068,0.1858990596801762,32.97523973107037
169.4686508361204,6.548830588156467,0.333874919792389,56.53716454305748
93.0946369715787,1.2911238877309694,0.0569550792174282,5.30055261260623
91.6622855773838,0.0105525369031561,0.0002349489171414,0.0215307872710624
34.69248150091839,4.966707535708944,0.0579585112871731,2.0091894616880035
117.42499152542374,1.323730178849979,0.7492320951252275,87.94869215263094
618.0748045112781,13.269386,25.176981826515632,15482.246932466329
182.21991020543408,0.8191947641179842,0.1458669683615888,26.57456425230757
63.061837412587415,0.4150101420070444,0.0690917086670772,4.355877807911708
38.82501546267213,3.920207953213581,0.1054047568599652,4.089980167703282
165.03764023785925,1.243133867969685,0.3044481687631458,50.2200700719206
172.50505179808644,1.5076177868005984,0.3297111618574943,56.85298877843049
84.79212685381356,0.8347681056087216,0.022875569736641,1.938745403650864
344.534602919708,68.598612,8.829133641490028,3039.069483107764
163.84302479338842,48.624467,27.69340679058729,4531.653558396288
193.3262647058824,14.137239,87.01425927787787,16766.225879107034
647.6550898876404,8.873456,42.26775960570915,27173.444053021733
340.2435087719298,5.675223,30.82269204940152,10406.048832604
90.65970283143687,1.0492848915358384,0.0223961232450647,2.029315359165995
380.4653875598086,20.894476,31.2576500384651,11855.732025892512
105.93942833333334,2.4663105504587293,0.0494359034771888,5.234467213382639
222.50597287462784,0.9974239134258523,0.3094509285166311,68.82606700729069
281.79580836673347,411.251218,1.8328753801667168,516.4635896858998
177.63824337914852,4.735311981325072,0.1969876602252197,34.99238441015552
635.5862933333334,7.4496,13.996456094340395,8820.445023361983
134.8303643512451,4.096670158505056,0.50810688889635,68.49178938186697
149.27426275679258,0.900105278719874,0.1465783767553185,21.87479058915799
342.2005162241888,33.847812,13.445699848027123,4592.528934995437
127.21551273962628,1.3468581861151117,0.0321555597455705,4.08841549602988
261.04347867298577,21.578191,35.99500615827498,9372.70167413288
100.3489081027668,1.4275230732746422,0.0559569401057526,5.612794919517822
89.70919196891192,0.5606513451784849,0.0100961014842205,0.905232821718754
118.33766658566222,0.6810687708535365,0.0303430245889345,3.5892327318374595
121.28404344963792,0.1672857394441962,0.0151935454907661,1.841990950277059
131.30829368770765,0.6516806150515944,0.4913831332221935,64.4966748846228
93.64248535702536,0.5785088253760478,0.0719147809459203,6.731235957018573
121.36926600660064,0.5744962925350087,0.4868896294002506,59.06736049860061
33.4635561566203,4.063468065112829,0.0589728085502416,1.9719981392546075
541.4398928571429,2.733222,33.84635169886059,17826.0982658724
208.44447126436785,8.703081,139.15939604695362,28750.5354693135
133.05322451655195,1.4848230469506234,0.0465323110616857,6.187017701706429
326.2425376344086,9.284456,84.22655597962489,27256.69491760865
656.4742277227723,10.076023,38.943583784316544,25405.53596459518
109.2813461918892,1.713283388327588,0.4918851146054039,53.73642372599178
191.00499432955303,6.684016855295609,0.4688614417077202,89.53220403400232
120.50848451910409,0.6137218470685184,0.0415301028049235,5.003167737730639
282.1223583208396,411.054925,1.830380319438513,516.3609656330326
93.5485457609541,1.0162086493364768,0.0152334147432377,1.4244279174344716
322.9601379310345,9.445896,84.90020109149016,27007.839775944747
92.2624272101641,1.9045729987944169,0.0102914423650704,0.9489965185273124
341.57125641025647,3.858993,39.83103194023207,13344.495048771982
129.6653466057441,0.5728835295713334,0.4507011211111449,58.41616976119309
100.9494655511811,1.2136985050001383,0.0569170045803257,5.741286267170763
126.75490553666828,1.1812773211193937,0.034270483852425,4.341361332416498
146.0368560826073,4.982506856831066,0.6091629807645675,88.94181379168351
380.3405384615385,14.576216,46.29882342657255,17546.11216446447
86.71367236842106,0.6220996339106932,0.0543572058858098,4.710975117044466
128.26197373447943,0.9416886259698204,0.0331505544066919,4.249591696200603
675.7215414551607,59.134883,5.956625477157354,4020.9099595667662
390.8320470588236,25.472941,22.39541115610877,8734.67702106393
163.37391603053436,2.7859229539107115,0.5456169048011873,89.14874138770918
94.8373465085639,2.34679339833383,0.0128859420846309,1.2212329743537411
579.2777605633803,7.116024,57.174441568366426,32795.58245832481
189.7223425066313,1.2470757538246018,0.3797389022280586,72.01278724175012
213.1980410958904,7.274183,94.72350886590525,19879.91028498061
122.90461632923996,0.2226706960228915,0.5062393958306626,62.19889419696342
204.0518,2.986391,5.753834341362416,1150.9930916187006
84.9665082010582,0.5390446586534381,0.0108896300069016,0.9247438205268343
135.89030037124536,1.730036727738442,0.3941868359217171,53.58102991139147
145.42017623762376,0.820909257500413,0.6230443570352829,90.56946821602386
70.58977482960078,0.4386132343539169,0.0526614821700168,3.716499247540564
113.29045984627618,1.6613095337136958,0.0131605955290207,1.490525392384346
91.27216123907864,1.1441275643349702,0.0174234913853749,1.58945257369108
202.3550442804428,138.931423,8.84150820077594,1788.4889587405305
114.88646570868714,0.4521599235460464,0.6116218787396133,70.2404738180762
198.94238461538464,10.667659,88.62507010436047,17528.435297757438
390.1434307692308,32.670852,15.47618019356637,6026.628698993423
495.03183673469385,5.080673,74.13392261860969,36320.7021565788
382.21127216628776,2.297276789857144,0.1923655463858161,73.5042835216346
122.20246216835898,3.511467796222297,0.4659559930222925,56.9277009334769
121.5564680960992,1.858369664599498,0.0093080476834532,1.1306804040029956
344.88734782608697,4.599224,27.13835256265343,9215.12864456897
192.7988329458652,0.6438425644156859,0.1254189430907515,24.170642591448733
67.95774520185309,2.4762256571557373,0.0528742476137075,3.591574200159366
234.55377063027944,5.692748766710899,0.2135416409274575,50.07233777751251
202.8478259162304,6.927772256838916,0.4369955899671238,88.62419331089025
305.7573461666114,1.7759884438986324,0.1489548829388939,45.52816880098349
164.2305272007913,0.7690431878892416,0.1563683619697787,25.66831430831752
162.96121239804242,1.172762464740555,0.542371673533571,88.36332503799959
68.22482954545455,2.332388796740108,0.0626351168172753,4.271562980386735
281.74150000000003,5.924601,120.91800186921112,33641.094303054306
78.80828374121639,6.2920172816763325,0.0386769440305906,3.0447713575310518
515.7133392857143,5.56014,32.44870313334172,16507.486160080734
136.35952908129545,1.1188941075165264,0.413365930515748,56.340644361733546
638.8301492537313,6.692735,36.706700592152295,23219.279490150784
67.68738209248934,1.4158730634953829,0.0950370267392904,6.429390436774223
98.22188600525624,1.2049869088223204,0.068435332198396,6.7166649304985135
192.74967274535803,1.4595069372172875,0.4260739995515107,82.09286831671672
39.46510833333333,0.4499954452411723,2.0907844562502222,82.49087893040999
122.19087722185648,0.4513931868132204,0.055152773341825,6.736489739713552
68.59018106587223,1.7376459086717098,1.1515487741587165,78.96252481408251
354.25134,10.060358,69.96236208267236,24625.63294509506
115.1297672044781,0.2549026454798877,0.0585523925070673,6.738874514753996
360.9936875,9.612857,71.97232485808036,25804.14319079439
178.88179721208098,1.1944075870452469,0.4536887834713825,81.12338022115235
109.3197644961977,2.925246085661153,0.0428647391830933,4.683678546831233
306.99675,8.014234,36.7876995054255,11197.714067022416
117.52732348057124,1.2151444534150262,0.3449817652562436,40.54358501974738
673.4556313131314,19.764342,11.707261939851715,7860.475996773888
161.92199305555556,14.490044,21.61727818672165,3485.5540069189988
119.06966118421052,0.4644115068949759,0.0528047326843601,6.284738321438743
343.92387500000007,4.013986,38.495883875423,12997.139422332926
134.05402739726026,7.291879,195.42405590913145,25889.504194622088
55.82245295477055,0.9063833127298428,1.1127975299450734,62.10219847598154
658.9152389380531,11.280457,32.13587939104457,21060.477995782905
67.81071948899157,5.899732619524002,0.0160402161315115,1.0874900463193238
117.76281856677524,0.2710111210105457,0.1413813019236365,16.63857386505905
136.8985274400263,1.9539710083045063,0.0294742817221001,4.032642981258837
334.4217269076305,24.881154,27.998695534186588,9337.423974331983
617.3265213675211,11.729436,21.7145813209868,13330.138959279631
172.89763897972531,3.701818478034483,0.1382051357905252,23.906161724280903
116.6223341109383,0.4921293122073014,0.0170629017070849,1.9892120717333053
93.09736056406516,1.0231220500011529,0.0467454532760958,4.350079905029102
115.99654742369545,1.3149246760003734,0.0579085396101293,6.713490625952781
105.72875468595856,2.003286993374786,0.0258292901805435,2.7295051040194207
146.83612695822455,0.7613868948279156,0.477186296653339,70.04071364909231
117.85094525460195,0.3862994362910588,0.0278209691818194,3.2775528577136352
120.7668766216574,0.669222470993797,0.0098850897344902,1.1932407856253688
649.9067934782609,9.141871,42.93329106667347,27717.632910904707
91.50300633065498,0.3033589251426747,0.0476389502376898,4.358023925189371
